unit,tenant,status,pages,starts_at_page,source_file,sha256
101-103,"The Pink Paisley, LLC",Executed,29,3,G:\My Drive\00 OTB\Belle Leases\101-103 Executed PP Lease Agreement.pdf,f4c912a26f5d20d0d2668bcec76cf54f7a5b5491a95911d2849dc163e8c05539
105,"Painted Bayou, LLC",Executed,31,32,G:\My Drive\00 OTB\Belle Leases\105 Executed Painted Bayou Lease Agreement.pdf,23615154fffac649f0be590dea0a3c7f9871c706ed8d0a0901f126b67ba01e54
107,"Lafayette Cookies and Cream, LLC",Executed,30,63,G:\My Drive\00 OTB\Belle Leases\107 Executed Great American Lease.pdf,1c5953f05fa9ec263705cd56249d529248660b17bc6d558eb8813fd0d6c8aa30
109,J.C. Kate Boutique LLC,Executed - lease + first addendum,41,93,G:\My Drive\00 OTB\Belle Leases\109 JC Kate Lease and Addendum.pdf,823641af6a76248b4b47a1715b620d05c5e68b8eacd0d793f1c2079929f09718
111,"Lola Pink Fabrics, LLC",Executed,34,134,G:\My Drive\00 OTB\Belle Leases\111 Executed Lola Pink Lease Agreement.pdf,6de0d2b400049050ece83c4e2b9ae72d6584912f76ec056f24a26e1c38f79cb4
113,"Graze Acadiana, LLC",Executed,34,168,G:\My Drive\00 OTB\Belle Leases\113 Executed Graze Lease Agreement.pdf,4f69a8f40a6955f3842027aadb13f89a52700cc90bbb12399273c330db42ed36
115-117,"The Clothing Loft Exchange, LLC",Executed,31,202,G:\My Drive\00 OTB\Belle Leases\115-117 Executed Clothing Loft Lease Agreement.pdf,a4002418d597f2458d6df295f5af2f92e3d392ec002f07086aa4aceae2da0266
117.5,"Victoria Nails, LLC",Executed,40,233,G:\My Drive\00 OTB\Belle Leases\117.5 Executed Victoria Nails Lease Agreement.pdf,1426e6289b67ccb51626892f08ab298239a388ec80cd1fcf90aeb067699d8b58
119,"DACO Investments, LLC (OUPAC)",Executed - lease + guaranty,33,273,G:\My Drive\00 OTB\Belle Leases\119 Executed Oupac Lease & Guaranty.pdf,29939318aefe9f9470e8d0775ec87171050e21ac9e51269c60db4086dd53c3d9
119.5,"Cat Clinic of Lafayette, L.L.C.",Executed - lease + addendums,37,306,G:\My Drive\00 OTB\Belle Leases\119.5 Executed Lease and Addendums.pdf,bace63725e611eafb44113648db40568231910886359153a54a530c2eb8e2de7
119.5 EXT,"Cat Clinic of Lafayette, L.L.C.",Executed - 2023 extension to 2026-02-28 (NOT linked in SOT),5,343,G:\My Drive\Belle Lease Agreements 2026\119.5 Cat Clinic Extension.pdf,ff6bf6f3d4d48baa2d12483b8555cbe6f2d0cdf9f7ea11765620b88743dd2a7a
121,"Robertson Family Holdings, LLC (Magnolia Salon)",*** DRAFT - NOT EXECUTED ***,27,348,G:\My Drive\00 OTB\Belle Leases\121 Draft Magnolia Salon Lease Agreement.pdf,8a65f6e5746709a35bf1a5f40cbc6a74ba3a1d819dc6c7f64d0007687709606c
123,"The Tux Shoppe, LLC",Executed,30,375,G:\My Drive\00 OTB\Belle Leases\123 Executed Lease - The Tux Shoppe.pdf,c43430bb72102eb7623ca74f47a7924b47511af5b06dc37ee71d04634b476a36
125-127,"Jordan Amanda, LLC",Executed,28,405,G:\My Drive\00 OTB\Belle Leases\125-127 Executed Jordan Amanda Lease.pdf,a761178daaf33bb35a920008f124eadd03e983c95c7f3d96a697ce4a6040f382
129,"Lexi Investments 2, LLC (HotWorx)",Executed,37,433,G:\My Drive\00 OTB\Belle Leases\129 Executed Hotworx Lease Agreement.pdf,b22fccc3377b0b3cf0bafa788a9e7c491bdfe1fa8fd7b841e0e6407d26195576
131-133,"Sneaker Politics, L.L.C.",Executed 2014 - expired 2017-08-31; unit now VACANT (historical record),27,470,G:\My Drive\00 OTB\01 Belle Files to be placed\00 - Current Leases\131-133-Sneaker Politics\Politics\Lease Agreement - executed.pdf,a2c64ede352cee9aeb37653acee5fd892a950606cf4483de329a215d30d62263
135A,C. Wolf Barber & Shop LLC,Executed,28,497,G:\My Drive\00 OTB\Belle Leases\135A Executed C Wolf Lease Agreement.pdf,f66da28fcf03c42d256307ac9cb34ea4e1a8027450957109c98aa302034d6939
137,"Parish Lettering, LLC (Greek Expressions)",Executed,43,525,G:\My Drive\00 OTB\Belle Leases\137 Executed Greek Expressions Lease.pdf,b05fd209b03c1f5ecc6136e71f46c63d8dda979b230d0f993f87bfcc36b72140
139-141,"FastPass Tag & Title, LLC",Executed - term ended 2026-07-31,33,568,G:\My Drive\00 OTB\Belle Leases\139-141 Fast Pass Tag & Title.pdf,1e1acceb3d41cc2cf6dabdf95bd17e0d7a166591bdd7c480a0d92d2817232bb1
143,1st Franklin Financial Corporation,Executed - base lease + addendum,37,601,G:\My Drive\00 OTB\Belle Leases\143 Executed 1st Franklin.pdf,a697ce8b84b647734c16aeb3fc5bcf30392f67912e99f23aab50264ade9c2802
143 AMD2,1st Franklin Financial Corporation,Second Amendment - term to 2031-01-31 (NOT linked in SOT),2,638,G:\My Drive\Downloads 2-8\Lafayette Signed 2nd Amend 12-18-25.pdf,71be9c79c8ee52b26dc4e6324f9b7502f8098e8fa03d7867377e7130ef2273d9
145,"Upstream Growth Partners, LLC",*** EXECUTED BY LESSOR ONLY - tenant has not countersigned ***,29,640,G:\My Drive\00 OTB\Belle Leases\Clean Unit 145 Lease Executed by Lessor.pdf,56d32c237b68ce1d6f9df99c4697a01fcd13a9f0b7cceb0a0605e463d52a6472
149,"Deli Management, Inc. (Jason's Deli)",Executed - lease + all addendums through 5th,81,669,G:\My Drive\00 OTB\Belle Leases\149 Executed Jasons Lease and Addendums.pdf,4ad6cdba7b599c1acefc1b8bc469b5b6d479927252f71991614ac5073386ccb1
