Tenant Name,Unit Number,Category,Square Footage,Logo Status,Facade Family,Illumination Type,Priority
The Pink Paisley,101-103,Boutique,9928,On File,A,halo-lit channel letters,High
Painted Bayou,105,Boutique,TBD,On File,A,halo-lit channel letters,High
Great American Cookie,107,Restaurant,TBD,On File,B,face-lit channel letters,High
JC Kate Boutique,109,Boutique,TBD,On File,A,halo-lit channel letters,High
Lola Pink,111,Boutique,TBD,On File,A,halo-lit channel letters,High
Graze Acadiana,113,Restaurant,TBD,On File,B,face-lit channel letters,High
The Clothing Loft,115-117,Boutique,TBD,On File,A,halo-lit channel letters,High
Victoria Nails,117 1/2,Salon,TBD,On File,C,face-lit channel letters,Medium
Oupac,119,Financial,TBD,On File,C,face-lit channel letters,Medium
Cat Clinic of Lafayette,119 1/2,Medical,TBD,NEEDED,C,face-lit channel letters,Low
Magnolia Salon,121,Salon,TBD,On File,A,halo-lit channel letters,Medium
The Tux Shoppe,123,Retail,TBD,On File,A,halo-lit channel letters,Medium
Jordan Amanda,125-127,Boutique,TBD,On File,A,halo-lit channel letters,High
HotWorx,129,Fitness,TBD,On File,B,face-lit channel letters,Medium
Vacant,131,Vacant,TBD,N/A,B,—,Low
Vacant,133,Vacant,TBD,N/A,B,—,Low
C Wolf Barber Shop,135A,Salon,TBD,On File,C,face-lit channel letters,Medium
Belle Realty,135B,Services,TBD,NEEDED,C,face-lit channel letters,Low
Greek Expressions,137,Retail,TBD,On File,A,halo-lit channel letters,Medium
Fast Pass Tag & Title,139/141,Services,TBD,On File,C,face-lit channel letters,Low
1st Franklin Financial,143,Financial,TBD,On File,C,face-lit channel letters,Medium
Blvd Nutrition,145,Restaurant,TBD,NEEDED,B,face-lit channel letters,High
Jason's Deli,149,Restaurant,TBD,NEEDED,B,face-lit channel letters,High
Mary Ellen's,Historic,Retail,TBD,On File,A,halo-lit channel letters,Medium
Rehabilitation Services,Historic,Medical,TBD,On File,C,face-lit channel letters,Low
