alias_id,direction,production_system,production_id,production_field_or_label,library_schema,library_id,library_field,reversible,compatibility_strategy,conflicts,evidence_locator,status,notes
alias-prop-001-fwd,production_to_library,supabase.public.properties / propertyContext,(live UUID not read),slug / id,property,property-on-the-boulevard,id / existing_operations_refs,yes,retain production UUID; library id is alias only,draft property.on-the-boulevard.draft.json unbound,schema-mapping.csv SM-001..SM-003,reviewed,Do not rename DB id
alias-prop-001-rev,library_to_production,supabase.public.properties / propertyContext,(live UUID not read),id,property,property-on-the-boulevard,id,yes,lookup existing_operations_refs,,schema-mapping.csv SM-001,reviewed,Requires live resolve before import
alias-suite-101-fwd,production_to_library,src/data/units.json,101,display suite 101; status=active,suite,suite-otb-101,id / label,yes,alias only; keep production key as runtime identity,,src/data/units.json,enumerated,SF/tenant values not re-verified; blank authority for unverified commercial claims
alias-suite-101-rev,library_to_production,src/data/units.json,101,unit,suite,suite-otb-101,id,yes,map table / strip suite-otb- prefix carefully,,src/data/units.json,enumerated,
alias-suite-103-fwd,production_to_library,src/data/units.json,103,display suite 103; status=active,suite,suite-otb-103,id / label,yes,alias only; keep production key as runtime identity,,src/data/units.json,enumerated,SF/tenant values not re-verified; blank authority for unverified commercial claims
alias-suite-103-rev,library_to_production,src/data/units.json,103,unit,suite,suite-otb-103,id,yes,map table / strip suite-otb- prefix carefully,,src/data/units.json,enumerated,
alias-suite-105-fwd,production_to_library,src/data/units.json,105,display suite 105; status=active,suite,suite-otb-105,id / label,yes,alias only; keep production key as runtime identity,,src/data/units.json,enumerated,SF/tenant values not re-verified; blank authority for unverified commercial claims
alias-suite-105-rev,library_to_production,src/data/units.json,105,unit,suite,suite-otb-105,id,yes,map table / strip suite-otb- prefix carefully,,src/data/units.json,enumerated,
alias-suite-107-fwd,production_to_library,src/data/units.json,107,display suite 107; status=active,suite,suite-otb-107,id / label,yes,alias only; keep production key as runtime identity,,src/data/units.json,enumerated,SF/tenant values not re-verified; blank authority for unverified commercial claims
alias-suite-107-rev,library_to_production,src/data/units.json,107,unit,suite,suite-otb-107,id,yes,map table / strip suite-otb- prefix carefully,,src/data/units.json,enumerated,
alias-suite-109-fwd,production_to_library,src/data/units.json,109,display suite 109; status=active,suite,suite-otb-109,id / label,yes,alias only; keep production key as runtime identity,,src/data/units.json,enumerated,SF/tenant values not re-verified; blank authority for unverified commercial claims
alias-suite-109-rev,library_to_production,src/data/units.json,109,unit,suite,suite-otb-109,id,yes,map table / strip suite-otb- prefix carefully,,src/data/units.json,enumerated,
alias-suite-111-fwd,production_to_library,src/data/units.json,111,display suite 111; status=active,suite,suite-otb-111,id / label,yes,alias only; keep production key as runtime identity,,src/data/units.json,enumerated,SF/tenant values not re-verified; blank authority for unverified commercial claims
alias-suite-111-rev,library_to_production,src/data/units.json,111,unit,suite,suite-otb-111,id,yes,map table / strip suite-otb- prefix carefully,,src/data/units.json,enumerated,
alias-suite-113-fwd,production_to_library,src/data/units.json,113,display suite 113; status=active,suite,suite-otb-113,id / label,yes,alias only; keep production key as runtime identity,,src/data/units.json,enumerated,SF/tenant values not re-verified; blank authority for unverified commercial claims
alias-suite-113-rev,library_to_production,src/data/units.json,113,unit,suite,suite-otb-113,id,yes,map table / strip suite-otb- prefix carefully,,src/data/units.json,enumerated,
alias-suite-115-fwd,production_to_library,src/data/units.json,115,display suite 115; status=active,suite,suite-otb-115,id / label,yes,alias only; keep production key as runtime identity,,src/data/units.json,enumerated,SF/tenant values not re-verified; blank authority for unverified commercial claims
alias-suite-115-rev,library_to_production,src/data/units.json,115,unit,suite,suite-otb-115,id,yes,map table / strip suite-otb- prefix carefully,,src/data/units.json,enumerated,
alias-suite-117-fwd,production_to_library,src/data/units.json,117,display suite 117; status=active,suite,suite-otb-117,id / label,yes,alias only; keep production key as runtime identity,,src/data/units.json,enumerated,SF/tenant values not re-verified; blank authority for unverified commercial claims
alias-suite-117-rev,library_to_production,src/data/units.json,117,unit,suite,suite-otb-117,id,yes,map table / strip suite-otb- prefix carefully,,src/data/units.json,enumerated,
alias-suite-117.5-fwd,production_to_library,src/data/units.json,117.5,display suite 117.5; status=active,suite,suite-otb-117-5,id / label,yes,alias only; keep production key as runtime identity,,src/data/units.json,enumerated,SF/tenant values not re-verified; blank authority for unverified commercial claims
alias-suite-117.5-rev,library_to_production,src/data/units.json,117.5,unit,suite,suite-otb-117-5,id,yes,map table / strip suite-otb- prefix carefully,,src/data/units.json,enumerated,
alias-suite-119-fwd,production_to_library,src/data/units.json,119,display suite 119; status=active,suite,suite-otb-119,id / label,yes,alias only; keep production key as runtime identity,,src/data/units.json,enumerated,SF/tenant values not re-verified; blank authority for unverified commercial claims
alias-suite-119-rev,library_to_production,src/data/units.json,119,unit,suite,suite-otb-119,id,yes,map table / strip suite-otb- prefix carefully,,src/data/units.json,enumerated,
alias-suite-119.5-fwd,production_to_library,src/data/units.json,119.5,display suite 119.5; status=active,suite,suite-otb-119-5,id / label,yes,alias only; keep production key as runtime identity,,src/data/units.json,enumerated,SF/tenant values not re-verified; blank authority for unverified commercial claims
alias-suite-119.5-rev,library_to_production,src/data/units.json,119.5,unit,suite,suite-otb-119-5,id,yes,map table / strip suite-otb- prefix carefully,,src/data/units.json,enumerated,
alias-suite-121-fwd,production_to_library,src/data/units.json,121,display suite 121; status=active,suite,suite-otb-121,id / label,yes,alias only; keep production key as runtime identity,,src/data/units.json,enumerated,SF/tenant values not re-verified; blank authority for unverified commercial claims
alias-suite-121-rev,library_to_production,src/data/units.json,121,unit,suite,suite-otb-121,id,yes,map table / strip suite-otb- prefix carefully,,src/data/units.json,enumerated,
alias-suite-123-fwd,production_to_library,src/data/units.json,123,display suite 123; status=active,suite,suite-otb-123,id / label,yes,alias only; keep production key as runtime identity,,src/data/units.json,enumerated,SF/tenant values not re-verified; blank authority for unverified commercial claims
alias-suite-123-rev,library_to_production,src/data/units.json,123,unit,suite,suite-otb-123,id,yes,map table / strip suite-otb- prefix carefully,,src/data/units.json,enumerated,
alias-suite-125-fwd,production_to_library,src/data/units.json,125,display suite 125; status=active,suite,suite-otb-125,id / label,yes,alias only; keep production key as runtime identity,,src/data/units.json,enumerated,SF/tenant values not re-verified; blank authority for unverified commercial claims
alias-suite-125-rev,library_to_production,src/data/units.json,125,unit,suite,suite-otb-125,id,yes,map table / strip suite-otb- prefix carefully,,src/data/units.json,enumerated,
alias-suite-127-fwd,production_to_library,src/data/units.json,127,display suite 127; status=active,suite,suite-otb-127,id / label,yes,alias only; keep production key as runtime identity,,src/data/units.json,enumerated,SF/tenant values not re-verified; blank authority for unverified commercial claims
alias-suite-127-rev,library_to_production,src/data/units.json,127,unit,suite,suite-otb-127,id,yes,map table / strip suite-otb- prefix carefully,,src/data/units.json,enumerated,
alias-suite-129-fwd,production_to_library,src/data/units.json,129,display suite 129; status=active,suite,suite-otb-129,id / label,yes,alias only; keep production key as runtime identity,,src/data/units.json,enumerated,SF/tenant values not re-verified; blank authority for unverified commercial claims
alias-suite-129-rev,library_to_production,src/data/units.json,129,unit,suite,suite-otb-129,id,yes,map table / strip suite-otb- prefix carefully,,src/data/units.json,enumerated,
alias-suite-131-fwd,production_to_library,src/data/units.json,131,display suite 131; status=vacant,suite,suite-otb-131,id / label,yes,alias only; keep production key as runtime identity,,src/data/units.json,enumerated,SF/tenant values not re-verified; blank authority for unverified commercial claims
alias-suite-131-rev,library_to_production,src/data/units.json,131,unit,suite,suite-otb-131,id,yes,map table / strip suite-otb- prefix carefully,,src/data/units.json,enumerated,
alias-suite-133-fwd,production_to_library,src/data/units.json,133,display suite 133; status=vacant,suite,suite-otb-133,id / label,yes,alias only; keep production key as runtime identity,,src/data/units.json,enumerated,SF/tenant values not re-verified; blank authority for unverified commercial claims
alias-suite-133-rev,library_to_production,src/data/units.json,133,unit,suite,suite-otb-133,id,yes,map table / strip suite-otb- prefix carefully,,src/data/units.json,enumerated,
alias-suite-135A-fwd,production_to_library,src/data/units.json,135A,display suite 135A; status=active,suite,suite-otb-135A,id / label,yes,alias only; keep production key as runtime identity,,src/data/units.json,enumerated,SF/tenant values not re-verified; blank authority for unverified commercial claims
alias-suite-135A-rev,library_to_production,src/data/units.json,135A,unit,suite,suite-otb-135A,id,yes,map table / strip suite-otb- prefix carefully,,src/data/units.json,enumerated,
alias-suite-135B-fwd,production_to_library,src/data/units.json,135B,display suite 135B; status=owner,suite,suite-otb-135B,id / label,yes,alias only; keep production key as runtime identity,,src/data/units.json,enumerated,SF/tenant values not re-verified; blank authority for unverified commercial claims
alias-suite-135B-rev,library_to_production,src/data/units.json,135B,unit,suite,suite-otb-135B,id,yes,map table / strip suite-otb- prefix carefully,,src/data/units.json,enumerated,
alias-suite-137-fwd,production_to_library,src/data/units.json,137,display suite 137; status=active,suite,suite-otb-137,id / label,yes,alias only; keep production key as runtime identity,,src/data/units.json,enumerated,SF/tenant values not re-verified; blank authority for unverified commercial claims
alias-suite-137-rev,library_to_production,src/data/units.json,137,unit,suite,suite-otb-137,id,yes,map table / strip suite-otb- prefix carefully,,src/data/units.json,enumerated,
alias-suite-139-fwd,production_to_library,src/data/units.json,139,display suite 139; status=active,suite,suite-otb-139,id / label,yes,alias only; keep production key as runtime identity,,src/data/units.json,enumerated,SF/tenant values not re-verified; blank authority for unverified commercial claims
alias-suite-139-rev,library_to_production,src/data/units.json,139,unit,suite,suite-otb-139,id,yes,map table / strip suite-otb- prefix carefully,,src/data/units.json,enumerated,
alias-suite-141-fwd,production_to_library,src/data/units.json,141,display suite 141; status=active,suite,suite-otb-141,id / label,yes,alias only; keep production key as runtime identity,,src/data/units.json,enumerated,SF/tenant values not re-verified; blank authority for unverified commercial claims
alias-suite-141-rev,library_to_production,src/data/units.json,141,unit,suite,suite-otb-141,id,yes,map table / strip suite-otb- prefix carefully,,src/data/units.json,enumerated,
alias-suite-143-fwd,production_to_library,src/data/units.json,143,display suite 143; status=active,suite,suite-otb-143,id / label,yes,alias only; keep production key as runtime identity,,src/data/units.json,enumerated,SF/tenant values not re-verified; blank authority for unverified commercial claims
alias-suite-143-rev,library_to_production,src/data/units.json,143,unit,suite,suite-otb-143,id,yes,map table / strip suite-otb- prefix carefully,,src/data/units.json,enumerated,
alias-suite-145-fwd,production_to_library,src/data/units.json,145,display suite 145; status=active,suite,suite-otb-145,id / label,yes,alias only; keep production key as runtime identity,,src/data/units.json,enumerated,SF/tenant values not re-verified; blank authority for unverified commercial claims
alias-suite-145-rev,library_to_production,src/data/units.json,145,unit,suite,suite-otb-145,id,yes,map table / strip suite-otb- prefix carefully,,src/data/units.json,enumerated,
alias-suite-149-fwd,production_to_library,src/data/units.json,149,display suite 149; status=anchor,suite,suite-otb-149,id / label,yes,alias only; keep production key as runtime identity,,src/data/units.json,enumerated,SF/tenant values not re-verified; blank authority for unverified commercial claims
alias-suite-149-rev,library_to_production,src/data/units.json,149,unit,suite,suite-otb-149,id,yes,map table / strip suite-otb- prefix carefully,,src/data/units.json,enumerated,
alias-geom-units-fwd,production_to_library,src/data/geometry.json#units,plan-px suite keys,SVG/plan rectangle keys,suite.geometry,(per suite alias),geometry plan reference,yes,join on suite number after Frame A transform,plan px needs coords.mjs before model metres,geometry.json; coords.mjs,reviewed,
alias-inv-pattern,production_to_library,filesystem path,relative_path,path,asset-inventory,inv-<sha256(path)[:16]>,inventory_id,yes_via_path_column,local audit key only,,asset-inventory.csv,validated_by_assemble_inventory,Not a production rename
alias-sitezone-fwd,production_to_library,public/twin/site-context.json zones,zone.id,siteZoneId / site-area:${zone.id},site,site-otb-<zone.id>,id,yes,prefix alias; retain zone.id in mesh metadata,,site-context.json; asset-twin-site-records.js,reviewed,
