group_id,sha256,size_bytes,paths,assessment
DUP-001,dd27d92102f42e37d2225608173911276d67b32d6704dabbc961fa4408b3ba66,117914,dist-twin/OTB_Site_Twin/site-register.csv;export/twin-pack/OTB_Twin_Pack/data/site-register.csv,twin pipeline output copied into OTB_Twin_Pack bundle (gitignored) - expected packaging copy; large binaries stored twice
DUP-002,1fbc0190151478be65ecfc0f23a9300fb08b268c81c4be95e7ba6b06fc238d6b,5012652,docs/manual/Cypress-Command-Complete-Documentation.pdf;public/manual/Cypress-Command-Complete-Documentation.pdf,manual source (docs/) and served copy (public/) - expected mirror; keep in sync or generate one from the other
DUP-003,b2ccb95d4398fcc77f0e243416ed836d04688c321cfcdd4068c64840c69da9e9,182795,docs/manual/img/ai.png;public/manual/img/ai.png,manual source (docs/) and served copy (public/) - expected mirror; keep in sync or generate one from the other
DUP-004,7dcb6e86f648c37e92b6d0912b6b292d75901baa9412ff1ce0547755a51ca48b,318073,docs/manual/img/board.png;public/manual/img/board.png,manual source (docs/) and served copy (public/) - expected mirror; keep in sync or generate one from the other
DUP-005,52deb5fb9a8750d593db2cdc69f268928271e00e7ed61a5c25a8d1a686ac2500,246350,docs/manual/img/comp.png;public/manual/img/comp.png,manual source (docs/) and served copy (public/) - expected mirror; keep in sync or generate one from the other
DUP-006,f1fec3e6e3d7fc5c2207fa97548eb29d0f9c6c67ce4d4815a6774252c162dd44,349425,docs/manual/img/dash.png;public/manual/img/dash.png,manual source (docs/) and served copy (public/) - expected mirror; keep in sync or generate one from the other
DUP-007,9247d1ea67892cdda747ca74a3cd2989c583b2b8e140dc0c62f58c6c69e151f7,272169,docs/manual/img/dates.png;public/manual/img/dates.png,manual source (docs/) and served copy (public/) - expected mirror; keep in sync or generate one from the other
DUP-008,34b50db3bfab7594b7612fafb4f768fce67affa310b0d4abcfb2b80ef048722f,398086,docs/manual/img/dir.png;public/manual/img/dir.png,manual source (docs/) and served copy (public/) - expected mirror; keep in sync or generate one from the other
DUP-009,3e78aebf38307d9a9af4a60daab55cda4d00891ea3dd3056cafdca20b96eea90,423554,docs/manual/img/drawer.png;public/manual/img/drawer.png,manual source (docs/) and served copy (public/) - expected mirror; keep in sync or generate one from the other
DUP-010,3fc5bb77ed095ad7f78a682b6b5ea7929247731cfb2acb7ad09f89c15598fd20,285917,docs/manual/img/fin.png;public/manual/img/fin.png,manual source (docs/) and served copy (public/) - expected mirror; keep in sync or generate one from the other
DUP-011,75df4932f67470a9553bd0977dfa61abdccef2f58d5b188cf388d49ce924136a,76587,docs/manual/img/intake-form.png;public/manual/img/intake-form.png,manual source (docs/) and served copy (public/) - expected mirror; keep in sync or generate one from the other
DUP-012,60808d46d2e71a94d99362819a6a76f73669b257e1f5c55d1f7ee51b170c4bae,30736,docs/manual/img/login.png;public/manual/img/login.png,manual source (docs/) and served copy (public/) - expected mirror; keep in sync or generate one from the other
DUP-013,0b1e2a6040061bd03199175be99d6e7952ba9f6821e61e7097a7d252e514b444,139923,docs/manual/img/mobile-dash.png;public/manual/img/mobile-dash.png,manual source (docs/) and served copy (public/) - expected mirror; keep in sync or generate one from the other
DUP-014,0c695059b51385cdcfec2aff438f865f19db13eb49c3df1985328d267c523f00,91278,docs/manual/img/mobile-nav.png;public/manual/img/mobile-nav.png,manual source (docs/) and served copy (public/) - expected mirror; keep in sync or generate one from the other
DUP-015,be46f013c5f6ec7b03b1c4634403895e572e2d76d98cf96b11b2eec228009174,424060,docs/manual/img/plan.png;public/manual/img/plan.png,manual source (docs/) and served copy (public/) - expected mirror; keep in sync or generate one from the other
DUP-016,59d8abf7781bbaf1ca3a5a1eccfc82c78a70cf50773f9e95eac2cdae657d9893,426999,docs/manual/img/roll.png;public/manual/img/roll.png,manual source (docs/) and served copy (public/) - expected mirror; keep in sync or generate one from the other
DUP-017,c4b70852004074c84c44cb380c65c6494cda962ab2224fe49f4c7a127d5454c1,248874,docs/manual/img/spatial.png;public/manual/img/spatial.png,manual source (docs/) and served copy (public/) - expected mirror; keep in sync or generate one from the other
DUP-018,2073fbae331062f1d9d25f74a87120582c0b1d3237a2e2130e03f46940e00ddb,15786,docs/phase-c/intake-form.html;public/manual/intake-form.html,intake form mirrored docs/phase-c -> public/manual - expected mirror; confirm single source
DUP-019,d8336077f59c6c258139af9cde9a636f4a2a80e2bb3cdfc24d331b4885363d10,72471,export/OTB-SitePlan-A1.html;export-buyer/OTB-SitePlan-A1.html,same site-plan export in export/ and export-buyer/ (both gitignored) - expected package copy
DUP-020,6fc84344b3c7e0a8ab745874ad07e3c060eb6cc8b7c9a9991433d464faf452f6,492937,export/OTB-SitePlan-A1.png;export-buyer/OTB-SitePlan-A1.png,same site-plan export in export/ and export-buyer/ (both gitignored) - expected package copy
DUP-021,7a40fc7015b76d0e1b1d00c74366f5f61a3dee749f872aa687f1cad8c574ed7e,72332,export/OTB-SitePlan-A1.svg;export-buyer/OTB-SitePlan-A1.svg,same site-plan export in export/ and export-buyer/ (both gitignored) - expected package copy
DUP-022,b0873657677a0b54e69ac3a679b3e0a2cb1b3c243b38fd4a7b32e61ec86accca,9722540,export/polycam-twin/OTB-polycam-2026-08-18-twin.glb;export/twin-pack/OTB_Twin_Pack/models/OTB-polycam-2026-08-18-twin.glb,twin pipeline output copied into OTB_Twin_Pack bundle (gitignored) - expected packaging copy; large binaries stored twice
DUP-023,3fcd92ad0d600c852f94db4f5794024d60901f3fad81bc35acdb0e242fef4654,9251849,export/polycam-twin/OTB-polycam-2026-08-18-twin.laz;export/twin-pack/OTB_Twin_Pack/pointclouds/OTB-polycam-2026-08-18-twin.laz,twin pipeline output copied into OTB_Twin_Pack bundle (gitignored) - expected packaging copy; large binaries stored twice
DUP-024,2ab3adb4a0c327f0886ecea9c35fb7c1cb6e6b89f4773a8ad5dee18332044f40,1985,export/polycam-twin/report.json;export/twin-pack/OTB_Twin_Pack/data/polycam-report.json,twin pipeline output copied into OTB_Twin_Pack bundle (gitignored) - expected packaging copy; large binaries stored twice
DUP-025,669a8074d4834cc04a25905fcafcd020eccbfec42365ad53f45de4e4f7d2561f,3368,export/skydio-rectify/flightlog-6344.csv;export/twin-pack/OTB_Twin_Pack/data/skydio-flightlog-6344.csv,twin pipeline output copied into OTB_Twin_Pack bundle (gitignored) - expected packaging copy; large binaries stored twice
DUP-026,14eb1d0fc036f0cc6f63336de4bdffb63acdb6083c5d083ec599c88d2f0a08b0,6749,export/skydio-rectify/footprints-lidar.geojson;export/twin-pack/OTB_Twin_Pack/data/footprints-lidar.geojson,twin pipeline output copied into OTB_Twin_Pack bundle (gitignored) - expected packaging copy; large binaries stored twice
DUP-027,2602e134aa42b475dc6a56571711709403d52eac8b324e53a6462d83d93f1aac,7698,export/skydio-rectify/poses-rectified.csv;export/twin-pack/OTB_Twin_Pack/data/skydio-poses-rectified.csv,twin pipeline output copied into OTB_Twin_Pack bundle (gitignored) - expected packaging copy; large binaries stored twice
DUP-028,2966b861ce2085f53ff213c3bdd9480272c0375cae8f7d67558337df8b705ed3,6379,export/skydio-rectify/report.json;export/twin-pack/OTB_Twin_Pack/data/skydio-report.json,twin pipeline output copied into OTB_Twin_Pack bundle (gitignored) - expected packaging copy; large binaries stored twice
DUP-029,54d35baba769fa73812ba05219f979c042d7ca2031e574c303389cb500c0e21a,224771,export/twin-mesh/check-mesh-topview.jpg;export/twin-pack/OTB_Twin_Pack/data/check-mesh-topview.jpg,twin pipeline output copied into OTB_Twin_Pack bundle (gitignored) - expected packaging copy; large binaries stored twice
DUP-030,812b029e35d66b00d108dbeb2442d60555a82e50e6b62fef04278f1e21c2d333,15690348,export/twin-mesh/OTB-site-mesh.glb;export/twin-pack/OTB_Twin_Pack/models/OTB-site-mesh.glb,twin pipeline output copied into OTB_Twin_Pack bundle (gitignored) - expected packaging copy; large binaries stored twice
DUP-031,ce5d6f1d91615c2d83b31f24375d954757e28899e48ea80786395e17101444b8,24581728,export/twin-mesh/OTB-site-photogrammetry.laz;export/twin-pack/OTB_Twin_Pack/pointclouds/OTB-site-photogrammetry.laz,twin pipeline output copied into OTB_Twin_Pack bundle (gitignored) - expected packaging copy; large binaries stored twice
DUP-032,fb9fa282d0530dfc888db8194398329337ea79feb60cd9a1cdf953c03c42077b,2023,export/twin-mesh/report.json;export/twin-pack/OTB_Twin_Pack/data/photogrammetry-report.json,twin pipeline output copied into OTB_Twin_Pack bundle (gitignored) - expected packaging copy; large binaries stored twice
DUP-033,a0ead2a03ddde2c69b11b4e575d47cbf83d7ee7c8c66084bd9fc7316236cfcfd,439677,export/twin-pack/check-overlay-topview.jpg;export/twin-pack/OTB_Twin_Pack/data/check-overlay-topview.jpg,twin pipeline output copied into OTB_Twin_Pack bundle (gitignored) - expected packaging copy; large binaries stored twice
DUP-034,762f05e1885810f75704fdbd61a21a985bff2b3f07dcd763ab9f7cb56619f074,483577,marketing/OTB-pylon-tenants.png;marketing$name.png,tracked stray root file 'marketing$name.png' = ignored marketing/OTB-pylon-tenants.png - REVIEW (mis-named export committed to git)
DUP-035,23c473d988f781abffb6804f742ae8736a78cd1baac9ea2658c354e05c769d33,22378,public/tenant-logos/101.png;public/tenant-logos/103.png,"same logo file mapped to two adjoining suites (101/103) - consistent with one tenant across both suites (e.g. 101-103 Pink Paisley, 139/141 Fast Pass); verify against units.json, keep per-suite files"
DUP-036,b4ef0392b286883c5dabc9bbdae90949f4e014b048417c4535b935bdac9371d2,10294,public/tenant-logos/115.png;public/tenant-logos/117.png,"same logo file mapped to two adjoining suites (115/117) - consistent with one tenant across both suites (e.g. 101-103 Pink Paisley, 139/141 Fast Pass); verify against units.json, keep per-suite files"
DUP-037,7bf99af9a513ac53d13d29330186b522649bacd20b30c91c2bdce8aedbbe0073,30225,public/tenant-logos/125.png;public/tenant-logos/127.png,"same logo file mapped to two adjoining suites (125/127) - consistent with one tenant across both suites (e.g. 101-103 Pink Paisley, 139/141 Fast Pass); verify against units.json, keep per-suite files"
DUP-038,cce0065454e0ee8c6364455fc58c913679cdfcac0327f169486fbe263a392359,11102,public/tenant-logos/139.png;public/tenant-logos/141.png,"same logo file mapped to two adjoining suites (139/141) - consistent with one tenant across both suites (e.g. 101-103 Pink Paisley, 139/141 Fast Pass); verify against units.json, keep per-suite files"
DUP-039,81216be6ede96fa5218d6a96e95f7bdf2e3805b9ff4cec6ac022241383168fa9,63210,tools/brand-assets/tenant-logos/101.png;tools/brand-assets/tenant-logos/103.png,"same logo file mapped to two adjoining suites (101/103) - consistent with one tenant across both suites (e.g. 101-103 Pink Paisley, 139/141 Fast Pass); verify against units.json, keep per-suite files"
DUP-040,f4a2363b1b92ebc34dbe74f0742324bd19ac0167288397aa423a76335a031ee3,10908,tools/brand-assets/tenant-logos/115.png;tools/brand-assets/tenant-logos/117.png,"same logo file mapped to two adjoining suites (115/117) - consistent with one tenant across both suites (e.g. 101-103 Pink Paisley, 139/141 Fast Pass); verify against units.json, keep per-suite files"
DUP-041,485f6bbfc97af3a2a6e9d7e81765e71430b7cd32a232a34a1b8bfd82d3274923,202070,tools/brand-assets/tenant-logos/125.png;tools/brand-assets/tenant-logos/127.png,"same logo file mapped to two adjoining suites (125/127) - consistent with one tenant across both suites (e.g. 101-103 Pink Paisley, 139/141 Fast Pass); verify against units.json, keep per-suite files"
DUP-042,2ca06cb869005d4e9d34031062e2d63b2f9dea6fb89bc74e282b0f5948c02125,46804,tools/brand-assets/tenant-logos/139.png;tools/brand-assets/tenant-logos/141.png,"same logo file mapped to two adjoining suites (139/141) - consistent with one tenant across both suites (e.g. 101-103 Pink Paisley, 139/141 Fast Pass); verify against units.json, keep per-suite files"
DUP-043,acc8f641f2bdcca1e35f1029292607fe4537cc3df3fffadfbc7cc0ea0b8f9b29,69844080,dist/elevation/OTB-site.laz;public/elevation/OTB-site.laz,"build output copy of public asset (dist/, gitignored) - expected; NOTE public/elevation is gitignored, so CI/prod builds lack this file while local dist/ has it"
DUP-044,6ef83b5288956c51c0a5739a702bab9e3eaa0070507dc9005e760351ac5e20bc,16983940,dist/OTB-splat.ksplat;public/OTB-splat.ksplat,"build output copy of public asset (dist/, gitignored) - expected"
DUP-045,1fbc0190151478be65ecfc0f23a9300fb08b268c81c4be95e7ba6b06fc238d6b,5012652,dist/manual/Cypress-Command-Complete-Documentation.pdf;public/manual/Cypress-Command-Complete-Documentation.pdf,"build output copy of public asset (dist/, gitignored) - expected"
DUP-046,bd7a3f1c909a030827fde6ca4697a387974e1ad2e8b7a45d704c809f94e3d1f1,3038272,dist/OTB-mesh.glb;public/OTB-mesh.glb,"build output copy of public asset (dist/, gitignored) - expected"
DUP-047,ba3659f4d379c3c7f1d399134e7c2101f7cdacaf13f2a9904812794eca1b72ae,1363285,dist/elevation/OTB-dem-1m.tif;public/elevation/OTB-dem-1m.tif,"build output copy of public asset (dist/, gitignored) - expected; NOTE public/elevation is gitignored, so CI/prod builds lack this file while local dist/ has it"
DUP-048,1460a226ff9964f5f2cb640c1eff91b32512f44c87678043d96e52c97fd2f33e,718272,dist/OTB-sat-base.jpg;public/OTB-sat-base.jpg,"build output copy of public asset (dist/, gitignored) - expected"
DUP-049,59d8abf7781bbaf1ca3a5a1eccfc82c78a70cf50773f9e95eac2cdae657d9893,426999,dist/manual/img/roll.png;public/manual/img/roll.png,"build output copy of public asset (dist/, gitignored) - expected"
DUP-050,be46f013c5f6ec7b03b1c4634403895e572e2d76d98cf96b11b2eec228009174,424060,dist/manual/img/plan.png;public/manual/img/plan.png,"build output copy of public asset (dist/, gitignored) - expected"
DUP-051,3e78aebf38307d9a9af4a60daab55cda4d00891ea3dd3056cafdca20b96eea90,423554,dist/manual/img/drawer.png;public/manual/img/drawer.png,"build output copy of public asset (dist/, gitignored) - expected"
DUP-052,6de55a0be2e3a39cc47b5e6c8a6cbd532461a12cff21c2d70e4a2a316f048dc2,410082,dist/tenant-logos/121.png;public/tenant-logos/121.png,"build output copy of public asset (dist/, gitignored) - expected"
DUP-053,34b50db3bfab7594b7612fafb4f768fce67affa310b0d4abcfb2b80ef048722f,398086,dist/manual/img/dir.png;public/manual/img/dir.png,"build output copy of public asset (dist/, gitignored) - expected"
DUP-054,f1fec3e6e3d7fc5c2207fa97548eb29d0f9c6c67ce4d4815a6774252c162dd44,349425,dist/manual/img/dash.png;public/manual/img/dash.png,"build output copy of public asset (dist/, gitignored) - expected"
DUP-055,7dcb6e86f648c37e92b6d0912b6b292d75901baa9412ff1ce0547755a51ca48b,318073,dist/manual/img/board.png;public/manual/img/board.png,"build output copy of public asset (dist/, gitignored) - expected"
DUP-056,ab500d587ec33aeeeb93ce50aa36c6d973d2655245b8501dfc98f28286a53716,299001,dist/plat-render.svg;public/plat-render.svg,"build output copy of public asset (dist/, gitignored) - expected"
DUP-057,3fc5bb77ed095ad7f78a682b6b5ea7929247731cfb2acb7ad09f89c15598fd20,285917,dist/manual/img/fin.png;public/manual/img/fin.png,"build output copy of public asset (dist/, gitignored) - expected"
DUP-058,9247d1ea67892cdda747ca74a3cd2989c583b2b8e140dc0c62f58c6c69e151f7,272169,dist/manual/img/dates.png;public/manual/img/dates.png,"build output copy of public asset (dist/, gitignored) - expected"
DUP-059,c4b70852004074c84c44cb380c65c6494cda962ab2224fe49f4c7a127d5454c1,248874,dist/manual/img/spatial.png;public/manual/img/spatial.png,"build output copy of public asset (dist/, gitignored) - expected"
DUP-060,52deb5fb9a8750d593db2cdc69f268928271e00e7ed61a5c25a8d1a686ac2500,246350,dist/manual/img/comp.png;public/manual/img/comp.png,"build output copy of public asset (dist/, gitignored) - expected"
DUP-061,9746f9a6d3b27d51bba630e64e1e932887b4a0a1d5f100babc62c9863df643ae,208569,dist/floorplan-center.png;public/floorplan-center.png,"build output copy of public asset (dist/, gitignored) - expected"
DUP-062,a680d927bed9cb864ddbd63521868891af2bfbe755092761b4837487618df8ac,192420,dist/assets/draco_decoder-Z1_iN-Ht.wasm;dist/draco/draco_decoder.wasm;public/draco/draco_decoder.wasm,"build output copy of public asset (dist/, gitignored) - expected"
DUP-063,b2ccb95d4398fcc77f0e243416ed836d04688c321cfcdd4068c64840c69da9e9,182795,dist/manual/img/ai.png;public/manual/img/ai.png,"build output copy of public asset (dist/, gitignored) - expected"
DUP-064,c9a95e16bfd9f5c8f9899b3d8dc1218cf99e1cb244bc6737e691765a2f0ae50b,148287,dist/elevation/OTB-hillshade.tif;public/elevation/OTB-hillshade.tif,"build output copy of public asset (dist/, gitignored) - expected; NOTE public/elevation is gitignored, so CI/prod builds lack this file while local dist/ has it"
DUP-065,0b1e2a6040061bd03199175be99d6e7952ba9f6821e61e7097a7d252e514b444,139923,dist/manual/img/mobile-dash.png;public/manual/img/mobile-dash.png,"build output copy of public asset (dist/, gitignored) - expected"
DUP-066,aedee9f6b446041180ef4f1ea38369124e23bfb96595665f28827a5e597298d8,132385,dist/elevation/OTB-hillshade.png;public/elevation/OTB-hillshade.png,"build output copy of public asset (dist/, gitignored) - expected; NOTE public/elevation is gitignored, so CI/prod builds lack this file while local dist/ has it"
DUP-067,multiple,1116798,"44 further public/<x> == dist/<x> pairs under 100 KB (brand, qr, logos, fonts, draco, twin json)",build output copies (dist/) - expected; not listed individually
