migration_id,old_path,old_id,proposed_new_path,proposed_new_id,consumer_ids,source_authority_id,disposition,source_sha256,destination_sha256,risk,dependency_order,validation,rollback,approval_required,approval_status,approval_evidence,execution_status,notes
mm-01,docs/design/cypress-command/cre-asset-library/ (untracked package import),,same,,none (docs only),package v1.0.0 MANIFEST.sha256,add,,,low,1,validate_examples.py PASS 16/15,git rm the folder,no,not-required,,executed-uncommitted,Package kept exactly as delivered; verify against MANIFEST.sha256 before commit
mm-02,,,tools/cre-library/otb-slice.mjs + build-otb-slice.mjs,,none at runtime (not imported by src/),source-otb-geometry-json; source-otb-heights-json; source-otb-pylon-register; source-otb-units-public,add,,,low,2,node --check; node --test test/cre-library-otb-slice.test.mjs 7/7; npm test 943/943; npm run build OK,delete the two files + test,no,not-required,,executed-uncommitted,Read-only adapter; writes only under docs/.../properties/on-the-boulevard
mm-03,src/data/units.json unit keys (e.g. 117.5 135A),117.5,docs/.../properties/on-the-boulevard/records/suite--suite-otb-117-5.json,suite-otb-117-5,A-1 plan.js; A-2 spatial.js; B-1 marketing.js (raw unit id),source-otb-units-public,alias,,,low,3,joinChecks 27/27,regenerate or delete records,no,not-required,,executed-uncommitted,"Lookup-key alias only; raw unit stays canonical in units.json and in existing_operations_refs. 'suite-otb-' prefix avoids collision with camera ids that start 'suite-'"
mm-04,src/data/pylon.json panels[].panel,P1..P14,records/panel--panel-otb-johnston-pylon-p*.json,panel-otb-johnston-pylon-p1..p14,src/lib/pylonsvg.js; tools/pylon.py; facts.js,source-otb-pylon-register,alias,,,low,3,joinChecks 14/14,regenerate or delete,no,not-required,,executed-uncommitted,Panel slot identity separated from tenant content (content stays in pylon.json)
mm-05,src/data/geometry.json demising.longBuilding/shortBuilding,longBuilding;shortBuilding,records/building--building-otb-long|short.json,building-otb-long; building-otb-short,A-1 plan.js; extract-heights.py; poster.py,source-otb-geometry-json,alias,,,low,3,frontage closure pass,regenerate or delete,no,not-required,,executed-uncommitted,
mm-06,src/data/site-register.json items[] (270),col-01 rtu-101 tc-119.5-1 ...,(proposed) adapter emitting asset records per item,asset-otb-<prefix>-<n>,A-1 plan-register.js; A-5 site-twin; siteassets.js,source-site-register-json,adapt,,,medium,5,adapter test: 270 in = 270 out; dotted ids normalized with alias table; rtu 'sub' HVAC cost caps STRIPPED,delete adapter output,no (additive) — but approval-required before any consumer reads it,not-requested,,proposed,"site-register cat 'panel' = electrical panel; must map to asset_type 'utilities', never library sign 'panel'"
mm-07,A-3 physical assets (Supabase pa_ ids),pa_<uuid>,existing_operations_refs on library records,,A-3 asset-twin.js,Supabase physical assets tables,adapt,,,medium,6,read-only join test against a snapshot export,no writes,yes — any DB read path in production code,not-requested,,proposed,Three live ID spaces (raw unit / register id / pa_) — library IDs become the join key via alias rows; no renaming of existing IDs
mm-08,src/lib/pylonsvg.js + tools/pylon.py (two pylon renderers with different invented spacing),,library signage diagram (signSvg) as single renderer,,A-1/B-1 pylon consumers; poster tooling,source-otb-pylon-register,proposed_archive,,,medium,7,visual diff of pylon outputs; pylonsvg tests,git revert,yes,not-requested,,proposed,Do not touch until operator picks a renderer; B-1 print outputs depend on pylon.py
mm-09,docs/.../properties/on-the-boulevard/preview/index.html,,(proposed) new sheet in src/lib/pages.js,,nav; owner-sheet defaults,all slice sources,add,,,high,8,full build + tests + live preview QA,revert commit,yes — production viewer/nav change + deploy via push,not-requested,,proposed,Push to master deploys to production (deploy.yml)
mm-10,marketing$name.png; marketing$n.pdf (tracked; unexpanded shell var names),,,,none found,,proposed_delete,,,low,9,grep consumers (none),git revert,yes,not-requested,,proposed,Byte-identical to ignored marketing/OTB-pylon-tenants.png
mm-11,19 naked 'Cypress Command' market-facing strings (see brand-reference-audit.csv propose-change rows),,'Cypress Command Platform',,printsheet.js; brief.js; command-evidence.js; manual; tools,,adapt,,,low,9,test/printsheet.test.mjs update; build,git revert,yes — rebrand edits,not-requested,,proposed,Legal-entity 'Orange Ocean' uses are retained (31 rows)
mm-12,tour.html:8 /brand/cypress/favicon.svg (404),,/brand/cypress/favicon.ico,,/tour,,adapt,,,low,9,load /tour and check network,git revert,yes (deploys),not-requested,,proposed,
mm-13,src/data/geometry.json + CAD 'Arnould Heights' subdivision label,,'Arnold Heights Subd. Ext. No. 1',,A-1 title/legal text,operator ruling 2026-06-27,adapt,,,medium,9,text diff; A-1 render,git revert,yes — canonical data edit,not-requested,,proposed,Conflict C14; CAD native file must NOT be edited — only the transcription
