theme,foreground,background,fg_hex,bg_hex,ratio,minimum,pass
light,text,canvas,#1E1B16,#F4EFE2,14.9493,4.5,True
light,muted,canvas,#5C554A,#F4EFE2,6.4105,4.5,True
light,action-text,canvas,#95450F,#F4EFE2,5.8326,4.5,True
light,warning-text,canvas,#795B08,#F4EFE2,5.5212,4.5,True
light,success,canvas,#49573C,#F4EFE2,6.7451,4.5,True
light,danger-text,canvas,#8A2F1F,#F4EFE2,7.296,4.5,True
light,control-border,canvas,#827765,#F4EFE2,3.83,3,True
light,focus,canvas,#A44E12,#F4EFE2,4.9746,3,True
light,warning,canvas,#8F6D0C,#F4EFE2,4.1946,3,True
light,danger,canvas,#8A2F1F,#F4EFE2,7.296,3,True
light,text,surface,#1E1B16,#EAE2CD,13.2879,4.5,True
light,muted,surface,#5C554A,#EAE2CD,5.6981,4.5,True
light,action-text,surface,#95450F,#EAE2CD,5.1844,4.5,True
light,warning-text,surface,#795B08,#EAE2CD,4.9076,4.5,True
light,success,surface,#49573C,#EAE2CD,5.9954,4.5,True
light,danger-text,surface,#8A2F1F,#EAE2CD,6.4852,4.5,True
light,control-border,surface,#827765,#EAE2CD,3.4044,3,True
light,focus,surface,#A44E12,#EAE2CD,4.4217,3,True
light,warning,surface,#8F6D0C,#EAE2CD,3.7284,3,True
light,danger,surface,#8A2F1F,#EAE2CD,6.4852,3,True
light,text,success-surface,#1E1B16,#E5E8DC,13.8184,4.5,True
light,text,warning-surface,#1E1B16,#F2E7C6,13.9112,4.5,True
light,text,danger-surface,#1E1B16,#F0DFD8,13.2823,4.5,True
light,danger-text,danger-surface,#8A2F1F,#F0DFD8,6.4824,4.5,True
light,disabled-text,disabled,#5C554A,#EAE2CD,5.6981,4.5,True
light,selected-text,selected,#1E1B16,#EAE2CD,13.2879,4.5,True
light,on-action,action,#F4EFE2,#A44E12,4.9746,4.5,True
light,on-action,action-hover,#F4EFE2,#8F410E,6.242,4.5,True
light,on-action,action-pressed,#F4EFE2,#79360B,7.7986,4.5,True
light,on-danger,danger,#F4EFE2,#8A2F1F,7.296,4.5,True
light,on-danger,danger-hover,#F4EFE2,#742719,8.9364,4.5,True
light,on-danger,danger-pressed,#F4EFE2,#622116,10.4614,4.5,True
light,text,brand-terra-surface,#1E1B16,#F0D9C8,12.6387,4.5,True
light,on-brand-terra,brand-terra-strong,#F4EFE2,#A44E12,4.9746,4.5,True
light,text,brand-olive-surface,#1E1B16,#E5E8DC,13.8184,4.5,True
light,on-brand-olive,brand-olive-strong,#F4EFE2,#49573C,6.7451,4.5,True
light,text,brand-mustard-surface,#1E1B16,#F2E7C6,13.9112,4.5,True
light,on-brand-mustard,brand-mustard-strong,#FFFFFF,#8F6D0C,4.8157,4.5,True
light,text,brand-oxblood-surface,#1E1B16,#F0DFD8,13.2823,4.5,True
light,on-brand-oxblood,brand-oxblood-strong,#F4EFE2,#8A2F1F,7.296,4.5,True
light,text,surface-raised,#1E1B16,#FAF6EC,15.903,4.5,True
light,muted,surface-raised,#5C554A,#FAF6EC,6.8195,4.5,True
light,text,selection,#1E1B16,#F0D9C8,12.6387,4.5,True
dark,text,canvas,#F4EFE2,#181813,15.5157,4.5,True
dark,muted,canvas,#B8B4A2,#181813,8.5574,4.5,True
dark,action-text,canvas,#D2802F,#181813,5.8267,4.5,True
dark,warning-text,canvas,#CFA032,#181813,7.4031,4.5,True
dark,success,canvas,#9AA989,#181813,7.1342,4.5,True
dark,danger-text,canvas,#D87969,#181813,5.8179,4.5,True
dark,control-border,canvas,#827C68,#181813,4.2685,3,True
dark,focus,canvas,#D2802F,#181813,5.8267,3,True
dark,warning,canvas,#CFA032,#181813,7.4031,3,True
dark,danger,canvas,#C96455,#181813,4.6124,3,True
dark,text,surface,#F4EFE2,#262218,13.8109,4.5,True
dark,muted,surface,#B8B4A2,#262218,7.6172,4.5,True
dark,action-text,surface,#D2802F,#262218,5.1865,4.5,True
dark,warning-text,surface,#CFA032,#262218,6.5897,4.5,True
dark,success,surface,#9AA989,#262218,6.3503,4.5,True
dark,danger-text,surface,#D87969,#262218,5.1787,4.5,True
dark,control-border,surface,#827C68,#262218,3.7995,3,True
dark,focus,surface,#D2802F,#262218,5.1865,3,True
dark,warning,surface,#CFA032,#262218,6.5897,3,True
dark,danger,surface,#C96455,#262218,4.1056,3,True
dark,text,success-surface,#F4EFE2,#272D22,12.3198,4.5,True
dark,text,warning-surface,#F4EFE2,#302919,12.5551,4.5,True
dark,text,danger-surface,#F4EFE2,#32211C,13.3521,4.5,True
dark,danger-text,danger-surface,#D87969,#32211C,5.0066,4.5,True
dark,disabled-text,disabled,#B8B4A2,#262218,7.6172,4.5,True
dark,selected-text,selected,#F4EFE2,#262218,13.8109,4.5,True
dark,on-action,action,#181813,#D2802F,5.8267,4.5,True
dark,on-action,action-hover,#181813,#E09545,7.2563,4.5,True
dark,on-action,action-pressed,#181813,#BD7027,4.6745,4.5,True
dark,on-danger,danger,#181813,#C96455,4.6124,4.5,True
dark,on-danger,danger-hover,#181813,#D77B6D,5.8898,4.5,True
dark,on-danger,danger-pressed,#181813,#C96455,4.6124,4.5,True
dark,text,brand-terra-surface,#F4EFE2,#392A1D,12.0109,4.5,True
dark,on-brand-terra,brand-terra-strong,#181813,#D2802F,5.8267,4.5,True
dark,text,brand-olive-surface,#F4EFE2,#272D22,12.3198,4.5,True
dark,on-brand-olive,brand-olive-strong,#181813,#9AA989,7.1342,4.5,True
dark,text,brand-mustard-surface,#F4EFE2,#302919,12.5551,4.5,True
dark,on-brand-mustard,brand-mustard-strong,#181813,#CFA032,7.4031,4.5,True
dark,text,brand-oxblood-surface,#F4EFE2,#32211C,13.3521,4.5,True
dark,on-brand-oxblood,brand-oxblood-strong,#181813,#C96455,4.6124,4.5,True
dark,text,surface-raised,#F4EFE2,#302C22,12.1212,4.5,True
dark,muted,surface-raised,#B8B4A2,#302C22,6.6852,4.5,True
dark,text,selection,#F4EFE2,#54402B,8.5267,4.5,True
