lease_group_id,suites,tenant,september_monthly_usd,adopted_end,prior_session_status,local_audit_status,current_governing_chain_verified,future_schedule,exception_ids,source_notes
LEASE-GRP-101-103,101+103,The Pink Paisley,16008.90,2027-02-28,VERIFIED,TARGETED_TERM_AND_EXECUTION_SUPPORTED,False,[],,"Prior-session register label is preserved verbatim; no whole-lease current verification is implied by that label. | September operating amounts are scheduled/adopted, not bank-reconciled collections. | Local source SRC-LOCAL-40558A645A: 101-103_Pink_Paisley/Executed_Lease.pdf | Local audit: Local term matches inherited 2027-02-28. Both party signature marks are visible. | Next evidence: Retain inherited operating amount as a separately sourced claim; link this hash and page evidence."
LEASE-GRP-105,105,Painted Bayou,3231.16,2029-03-31,OWNER-CONFIRMED / SIGNED RENEWAL COPY MISSING,ORIGINAL_EXCEPTION_REMAINS_OPEN,False,[],EX-LEASE-105,"Prior-session register label is preserved verbatim; no whole-lease current verification is implied by that label. | September operating amounts are scheduled/adopted, not bank-reconciled collections. | Local source SRC-LOCAL-F72F3FD1BC: 105_Painted_Bayou/Executed_Lease.pdf | Local audit: Historical signed local lease exists; current renewal to 2029 not located in this folder. | Next evidence: Obtain signed extension supporting adopted 2029-03-31; do not relabel historical lease as current renewal."
LEASE-GRP-107,107,Great American Cookies / Hershey's,2541.88,2027-03-31,VERIFIED,NEW_TERM_CONFLICT,False,[],EX-LOCAL-107,"Prior-session register label is preserved verbatim; no whole-lease current verification is implied by that label. | September operating amounts are scheduled/adopted, not bank-reconciled collections. | Local source SRC-LOCAL-77B60860E2: 107_Great_American_Cookies/107_Executed_Great_American_Lease.pdf | Local audit: Local signed instrument states September 30, 2027; inherited register says March 31, 2027. | Next evidence: Retrieve any superseding amendment and reconcile term before adoption."
LEASE-GRP-109,109,JC Kate Boutique,3808.39,2028-09-30,TERM EVIDENCE OPEN,ORIGINAL_EXCEPTION_REMAINS_OPEN,False,[],EX-LEASE-109,"Prior-session register label is preserved verbatim; no whole-lease current verification is implied by that label. | September operating amounts are scheduled/adopted, not bank-reconciled collections. | Local source SRC-LOCAL-8DE35C3F2C: 109_JC_Kate/01_Replacement_Guaranty_Lakin_Carlin.docx | Local source SRC-LOCAL-F97449BD10: 109_JC_Kate/02_Consent_and_Release_of_Prior_Guarantors.docx | Local source SRC-LOCAL-BE26651095: 109_JC_Kate/109_Executed_First_Addendum_JC_Kate.pdf | Local source SRC-LOCAL-B958D78ABD: 109_JC_Kate/109_Executed_JC_Kate_Guaranty.pdf | Local source SRC-LOCAL-90D56EDDAB: 109_JC_Kate/109_Executed_JC_Kate_Lease_Agreement.pdf | Local source SRC-LOCAL-25BB3E9267: 109_JC_Kate/109_Executed_JC_Kate_Resolution.pdf | Local source SRC-LOCAL-2DBD164008: 109_JC_Kate/109_JC_Kate_Lease_and_Addendum.pdf | Local source SRC-LOCAL-6E5FFE7C3A: 109_JC_Kate/Coby_signed_JC_Kate_109_Arnould_Consent_and_Release.pdf | Local source SRC-LOCAL-184EC3056B: 109_JC_Kate/JC_Kate_109_Consent_and_Release_SIGNED_by_Coby_2026-09-08.pdf | Local source SRC-LOCAL-97491E1A22: 109_JC_Kate/JC_Kate_ACH_Authorization_Executed.pdf | Local source SRC-LOCAL-1FEA8BC956: 109_JC_Kate/JC_Kate_Consent_and_Release_Fully_Signed.pdf | Local source SRC-LOCAL-C950A6D361: 109_JC_Kate/JC_Kate_Replacement_Guaranty_Executed.pdf | Local audit: 2026 ownership consent and replacement guaranty have visible signatures; neither establishes 2028 renewal. File named Executed_First_Addendum has blank signature fields. | Next evidence: Obtain executed renewal supporting adopted 2028-09-30; reconcile unsigned historical addendum copy against signed counterpart. Do not embed guaranty/ACH originals in general kit."
LEASE-GRP-111,111,BERNINA Lafayette (Lola Pink),2605.42,2027-01-31,VERIFIED,TARGETED_TERM_AND_EXECUTION_SUPPORTED,False,[],,"Prior-session register label is preserved verbatim; no whole-lease current verification is implied by that label. | September operating amounts are scheduled/adopted, not bank-reconciled collections. | Local source SRC-LOCAL-6F765994E2: 111_Lola_Pink_BERNINA/Executed_Lease.pdf | Local source SRC-LOCAL-001E5F9CC2: 111_Lola_Pink_BERNINA/Lola_Pink_Addendum.pdf | Local audit: Current local 2024 lease supports 2027-01-31; older separate addendum must remain historical. | Next evidence: Link current alternate lease; preserve older amendment as historical, not current term."
LEASE-GRP-113,113,Graze Acadiana,4017.58,2027-06-30,VERIFIED,NEW_EXECUTION_AND_CURRENT_TERM_EVIDENCE_GAP,False,[],EX-LOCAL-113,"Prior-session register label is preserved verbatim; no whole-lease current verification is implied by that label. | September operating amounts are scheduled/adopted, not bank-reconciled collections. | Local source SRC-LOCAL-C1C06323D4: 113_Graze_Acadiana/Executed_Lease.pdf | Local audit: Local base lease ends April 30, 2024; supporting 2027 extension not located. Lessee signature field in local base copy is blank although witness/notary marks and initials are present. | Next evidence: Retrieve complete signed base counterpart and instrument supporting adopted 2027-06-30. Preserve legal effect as unresolved; do not infer that no executed counterpart exists."
LEASE-GRP-115-117,115+117,The Clothing Loft Exchange,6654.68,2029-09-30,VERIFIED — UPDATED,CURRENT_RENEWAL_NOT_IN_LOCAL_FOLDER,False,"[{""monthly_usd"": ""6690.83"", ""effective_from"": ""2026-10-01"", ""effective_to"": ""2029-09-30""}]",EX-PACK-115117,"Prior-session register label is preserved verbatim; no whole-lease current verification is implied by that label. | September operating amounts are scheduled/adopted, not bank-reconciled collections. | Local source SRC-LOCAL-C0AFA7A37C: 115-117_Clothing_Loft/Executed_Lease.pdf | Latest summary labels $6690.83 current, but detailed source makes it effective October 1. September $6654.68 preserved; this kit does not change billing. | Local audit: Local signed 2023 base lease ends September 30, 2026. September 13, 2026 extension described in conversation not present in this folder. | Next evidence: Retrieve/hash the September 13 extension. Preserve $6,690.83 effective October 1, 2026 separately from September operating amount; reconcile chat table describing it as current."
LEASE-GRP-1175,117.5,Victoria Nails,2800.92,2029-02-28,SIGNED RENEWAL COPY + RENT COMPONENTS OPEN,ORIGINAL_EXCEPTION_REMAINS_OPEN,False,[],EX-OTB-008A;EX-OTB-008B;EX-HVAC-1175,"Prior-session register label is preserved verbatim; no whole-lease current verification is implied by that label. | September operating amounts are scheduled/adopted, not bank-reconciled collections. | Local source SRC-LOCAL-6F32EAD9EE: 117.5_Victoria_Nails/Executed_Lease.pdf | Local source SRC-LOCAL-1442188FF6: 117.5_Victoria_Nails/Victoria_Nails_Third_Addendum.pdf | Local audit: Local package contains signed Third Addendum for 2023-2026; current Fourth Addendum/2029 execution not located. Existing component conflict remains unresolved. | Next evidence: Obtain signed 2026-2029 Fourth Addendum and authorized corrected component schedule. Keep $2,800.92 as inherited owner-adopted billing amount."
LEASE-GRP-119,119,OUPAC Financial,2890.42,,CURRENT TERM OPEN,ORIGINAL_EXCEPTION_REMAINS_OPEN,False,[],EX-OTB-005,"Prior-session register label is preserved verbatim; no whole-lease current verification is implied by that label. | September operating amounts are scheduled/adopted, not bank-reconciled collections. | Local source SRC-LOCAL-B496623757: 119_OUPAC/Executed_Lease_and_Guaranty.pdf | Local source SRC-LOCAL-FE8588CC63: 119_OUPAC/OUPAC_119_LEASE.pdf | Local audit: Local executed historical lease confirms date inconsistency and matching $2,890.42 schedule; no current renewal/correction found. | Next evidence: Obtain signed renewal/correction or authorized documented tenancy determination; term remains unknown."
LEASE-GRP-1195,119.5,Cat Clinic of Lafayette,3035.03,2029-02-28,SIGNED 2026 RENEWAL COPY OPEN,ORIGINAL_EXCEPTION_REMAINS_OPEN,False,[],EX-LEASE-1195;EX-HVAC-1195,"Prior-session register label is preserved verbatim; no whole-lease current verification is implied by that label. | September operating amounts are scheduled/adopted, not bank-reconciled collections. | Local source SRC-LOCAL-4EDEF1877D: 119.5_Cat_Clinic/119.5_Cat_Clinic_Extension.pdf | Local source SRC-LOCAL-6A143C27D8: 119.5_Cat_Clinic/119.5_Executed_Lease_and_Addendums.pdf | Local source SRC-LOCAL-EDD6DAC453: 119.5_Cat_Clinic/Cat_Clinic_First_Addendum.pdf | Local audit: Local signed extension is 2023-2026, not 2026-2029. HVAC $2,500/$1,500 conflict confirmed on actual pages. | Next evidence: Obtain signed current renewal to 2029 and authoritative HVAC clarification; do not choose a cap."
LEASE-GRP-121,121,Magnolia Salon,2527.90,2031-12-31,EXECUTED COPY OPEN,ORIGINAL_EXCEPTION_REMAINS_OPEN,False,[],EX-OTB-007;EX-RENT-121,"Prior-session register label is preserved verbatim; no whole-lease current verification is implied by that label. | September operating amounts are scheduled/adopted, not bank-reconciled collections. | Local source SRC-LOCAL-ACD3112DD1: 121_Magnolia_Salon__DROP_SCAN_HERE/DROP_YOUR_SCAN_HERE.txt | Local source SRC-LOCAL-8C1E22E4BE: 121_Magnolia_Salon__DROP_SCAN_HERE/REFERENCE_121_Draft_Magnolia_Salon_Lease_Agreement.pdf | Local audit: Only a reference draft plus drop-scan placeholder located. Draft has blank execution and inconsistent tenant identity. | Next evidence: Obtain fully executed correctly identified Robertson Family Holdings / Magnolia OTB lease supporting adopted 2031-12-31."
LEASE-GRP-123,123,The Tux Shoppe,5492.96,2029-12-31,VERIFIED,NEW_TERM_AND_INTERNAL_SCHEDULE_CONFLICT,False,[],EX-LOCAL-123,"Prior-session register label is preserved verbatim; no whole-lease current verification is implied by that label. | September operating amounts are scheduled/adopted, not bank-reconciled collections. | Local source SRC-LOCAL-D22FBDCB16: 123_Tux_Shoppe/Executed_Lease.pdf | Local audit: Signed local lease term says April 30, 2029; rent schedule on same page reaches April 2030, while inherited register says December 31, 2029. | Next evidence: Retrieve governing amendment/correction and reconcile all three date claims; do not silently choose one."
LEASE-GRP-125-127,125+127,Jordan Amanda by Shoetique,6587.54,2028-04-30,VERIFIED,NEW_TERM_AND_EXECUTION_CONFLICT,False,[],EX-LOCAL-125127,"Prior-session register label is preserved verbatim; no whole-lease current verification is implied by that label. | September operating amounts are scheduled/adopted, not bank-reconciled collections. | Local source SRC-LOCAL-5F5F5A114E: 125-127_Jordan_Amanda_Shoetique/Executed_Lease.pdf | Local audit: Local lease states August 31, 2029, not inherited April 30, 2028; local lessee signature is blank. | Next evidence: Obtain fully signed governing counterpart and reconcile term. Do not promote the lessor-only copy or overwrite operating rent."
LEASE-GRP-129,129,HotWorx,2832.58,2029-08-31,VERIFIED,TARGETED_TERM_AND_EXECUTION_SUPPORTED,False,[],,"Prior-session register label is preserved verbatim; no whole-lease current verification is implied by that label. | September operating amounts are scheduled/adopted, not bank-reconciled collections. | Local source SRC-LOCAL-2D695E2CC0: 129_HotWorx/Executed_Lease.pdf | Local audit: Local term to 2029-08-31 and visible party execution support inherited term. | Next evidence: Link source hash; preserve operating amount with its existing provenance."
LEASE-GRP-135A,135A,C. Wolf Barber Shop,2040.83,2031-05-31,VERIFIED,TARGETED_TERM_AND_EXECUTION_SUPPORTED,False,[],,"Prior-session register label is preserved verbatim; no whole-lease current verification is implied by that label. | September operating amounts are scheduled/adopted, not bank-reconciled collections. | Local source SRC-LOCAL-EA3D384566: 135A_C_Wolf_Barber/Executed_Lease.pdf | Local audit: Local term supports May31 2031 and visible party signatures. | Next evidence: Link source hash; preserve operating amount with its existing provenance."
LEASE-GRP-137,137,Greek Expressions,3165.04,2030-10-31,VERIFIED,NEW_TERM_CONFLICT,False,[],EX-LOCAL-137,"Prior-session register label is preserved verbatim; no whole-lease current verification is implied by that label. | September operating amounts are scheduled/adopted, not bank-reconciled collections. | Local source SRC-LOCAL-ABE235DD19: 137_Greek_Expressions/Executed_Lease.pdf | Local audit: Signed local lease term ends September30 2030; inherited register says October31 2030. | Next evidence: Retrieve any term amendment and reconcile inherited date against current signed source; preserve both claims."
LEASE-GRP-139-141,139+141,Fast Pass Tag & Title,6150.38,2029-07-31,VERIFIED,TARGETED_TERM_RENT_AND_EXECUTION_SUPPORTED,False,[],EX-COMP-139141,"Prior-session register label is preserved verbatim; no whole-lease current verification is implied by that label. | September operating amounts are scheduled/adopted, not bank-reconciled collections. | Local source SRC-LOCAL-A53F7671BF: 139-141_Fast_Pass/FastPass Lease Renewal 2026 FLAT _ Alex Revision.docx | Local source SRC-LOCAL-23035386D5: 139-141_Fast_Pass/FastPass_Lafayette_2026_EXECUTED.pdf | Local source SRC-LOCAL-496EA040BD: 139-141_Fast_Pass/FastPass_Lafayette_2026_tenant_signed.pdf | Local source SRC-LOCAL-3E0B3B870D: 139-141_Fast_Pass/FastPass_Lease_Renewal_2026_CLEAN_FINAL_14.25.docx | Local source SRC-LOCAL-9DD00A80C4: 139-141_Fast_Pass/FastPass_Lease_Renewal_2026_REDLINE_14.42_to_14.25.docx | Local source SRC-LOCAL-82DB979F18: 139-141_Fast_Pass/FastPass_Lease_Renewal_Extension_3pct_2026-2029.docx | Local audit: Executed local renewal directly supports inherited 2029-07-31 and $6,150.38 total. | Next evidence: Use executed PDF as source; retain tenant-only PDF and 4 DOCX variants as separate non-governing candidates unless reconciled."
LEASE-GRP-143,143,1st Franklin Financial,3354.75,2031-01-31,VERIFIED,TARGETED_TERM_RENT_AND_EXECUTION_SUPPORTED,False,[],EX-COMP-143,"Prior-session register label is preserved verbatim; no whole-lease current verification is implied by that label. | September operating amounts are scheduled/adopted, not bank-reconciled collections. | Local source SRC-LOCAL-4832F2DFFA: 143_1st_Franklin/Executed_Lease.pdf | Local audit: Local Second Amendment supports 2031-01-31 and $3,354.75 ($2,556+$798.75). | Next evidence: Link Second Amendment pp34-35 and package hash; retain repeated pages without treating them as separate instruments."
LEASE-GRP-145,145,Upstream Rehabilitation,798.75,,EXECUTED / DATE EXCEPTION,ORIGINAL_EXCEPTION_AND_LOCAL_EXECUTION_GAP,False,"[{""monthly_usd"": ""798.75"", ""effective_from"": ""2026-07-01"", ""effective_to"": ""2026-12-31""}, {""monthly_usd"": ""3035.25"", ""effective_from"": ""2027-01-01"", ""effective_to"": null}]",EX-OTB-006;EX-EVIDENCE-145,"Prior-session register label is preserved verbatim; no whole-lease current verification is implied by that label. | September operating amounts are scheduled/adopted, not bank-reconciled collections. | Local source SRC-LOCAL-D85B7EA058: 145_Upstream__DROP_SCAN_HERE/DROP_YOUR_SCAN_HERE.txt | Local source SRC-LOCAL-2E53709B20: 145_Upstream__DROP_SCAN_HERE/REFERENCE_Clean_Unit_145_Lease_Executed_by_Lessor.pdf | Local source SRC-LOCAL-D98CDDFAFE: 145_Upstream__DROP_SCAN_HERE/REFERENCE_Upstream_Unit145_Tenant_Packet_Lease_Rider_LOI_v1.pdf | Local audit: Local references do not reproduce the later conversation's fully executed lease claim. Exact commencement/expiration remains open. | Next evidence: Retrieve fully countersigned agreement claimed in later chat, Delivery Date/key notice/completion evidence, permit submission and receipt dates, and opening proof. Do not calculate exact expiration from opening date alone."
LEASE-GRP-149,149,Jason's Deli,7765.22,2030-10-31,VERIFIED,NEW_RENT_AND_SOURCE_VERSION_CONFLICT,False,[],EX-LOCAL-149,"Prior-session register label is preserved verbatim; no whole-lease current verification is implied by that label. | September operating amounts are scheduled/adopted, not bank-reconciled collections. | Local source SRC-LOCAL-E7F689F328: 149_Jasons_Deli/Executed_Lease.pdf | Local audit: Local signed Fifth Addendum supports Oct31 2030 but states $8,553.27, not inherited $7,765.22. Local signatures dated Apr7 2025 differ from chat description of February2026 addendum. | Next evidence: Obtain any later replacement/corrected Fifth Addendum and current billing ledger reconciliation; retain both rent claims and avoid changing billing."
