"label","asset_id","x_m","y_m","z_m","width_m","height_m","depth_m","classification","field_verification","source_design","source_wall_guids","review_note"
"C01","column-038b4a052760","94.74252425088932","1.943099997046488","30.49332130922663","0.7666156379245166","3.886199994092976","0.7617065887065095","high_model_pattern_match","not-verified","241952337","53e40f|5b9ea1|6baffe|e06054",
"C02","column-d2b3a3e668ba","94.81907635621644","1.943099997046488","24.303343054838884","0.7666156379245166","3.886199994092976","0.7617065887065095","high_model_pattern_match","not-verified","241952337","416f97|71a9c5|8be627|c7fc75",
"C03","column-02295ca93280","94.81907635621812","1.943099997046488","18.680049370809357","0.7666156379245166","3.886199994092976","0.761706588706506","high_model_pattern_match","not-verified","241952337","0c8272|2595ac|7ffc54|a4ea96",
"C04","column-aa85e5b580cf","94.81907635621644","1.943099997046488","13.048137507472212","0.7666156379245166","3.886199994092976","0.7617065887065095","high_model_pattern_match","not-verified","241952337","304ccc|c3fe06|d81813|efd83b",
"C05","column-58ee6b101d84","94.81907635621805","1.943099997046488","8.57917551393999","0.7666156379245024","3.886199994092976","0.7617065887065078","high_model_pattern_match","not-verified","241952337","acb47e|d68e3e|e76f9d|eba4b4",
"C06","column-b54ed1758e8b","92.13815005517051","1.943099997046488","8.570429326293215","0.7666156379247866","3.886199994092976","0.7617065887065255","high_model_pattern_match","not-verified","241952337","02d4ea|626a44|9f8102|d5da78",
"C07","column-5bc5065cf1b8","86.92279133908809","1.943099997046488","8.558885357271965","0.7666156379245308","3.886199994092976","0.7617065887065113","high_model_pattern_match","not-verified","241952337","320fdc|4b7663|4f12c7|75f102",
"C08","column-044d1f471c0c","84.2418650380406","1.943099997046488","8.550139169625256","0.7666156379245308","3.886199994092976","0.7617065887064491","high_model_pattern_match","not-verified","241952337","093e18|95f271|e1f7fb|e9ab96",
"C09","column-b612c2a14b74","79.74157358459905","1.943099997046488","8.559609508437065","0.7666156379245308","3.886199994092976","0.7617065887063603","high_model_pattern_match","not-verified","241952337","0f45a0|3f6ce0|dea802|e33559",
"C10","column-5d259bb6c3b7","77.06064728355156","1.943099997046488","8.550863320790365","0.7666156379245166","3.886199994092976","0.7617065887064669","high_model_pattern_match","not-verified","241952337","66e161|cff61a|d838bb|df07ad",
"C11","column-90181ecef8d9","72.58360988332015","1.943099997046488","8.557850726338835","0.7666156379245024","3.886199994092976","0.7617065887063976","high_model_pattern_match","not-verified","241952337","12a4d3|1628fe|5fc613|ea217b",
"C12","column-a463a9a2acf7","69.90268358227266","1.943099997046488","8.549104538692104","0.7666156379245166","3.886199994092976","0.7617065887064243","high_model_pattern_match","not-verified","241952337","0db9a3|17caff|abac1b|fbf2a6",
"C13","column-47239d683e86","60.59144590812883","1.943099997046488","8.58940505030191","0.7666156379245166","3.886199994092976","0.7617065887064189","high_model_pattern_match","not-verified","241952337","1d467f|1f33cc|ab4849|c1d75d",
"C14","column-16c0ba4535cc","52.455361938536065","1.943099997046488","8.562741016193439","0.7666156379244882","3.886199994092976","0.7617065887064101","high_model_pattern_match","not-verified","241952337","0171df|86fedc|b25d07|f97f4f",
"C15","column-67175e7ffef6","45.51012482468087","1.943099997046488","8.562741016193424","0.7666156379244669","3.886199994092976","0.7617065887063781","high_model_pattern_match","not-verified","241952337","2d9a16|b29776|cd4566|ce5c2a",
"C16","column-ed119356cf6a","37.355385832572196","1.943099997046488","8.520853653850743","0.7666156379247369","3.886199994092976","0.7617065887064083","high_model_pattern_match","not-verified","241952337","0884d4|0b2bba|74254e|bf5348",
"C17","column-aee610a618a4","29.862193057087705","1.943099997046488","8.569098257485397","0.7666156379246658","3.886199994092976","0.7617065887064509","high_model_pattern_match","not-verified","241952337","90f29a|d3fb1f|dc341e|dc879b",
"C18","column-a271a91870ae","22.3618093545838","1.943099997046488","8.576503791255384","0.7666156379246232","3.886199994092976","0.7617065887063923","high_model_pattern_match","not-verified","241952337","1f0743|7a3d62|a4917d|b7ba37",
"C19","column-d785b928bb21","14.92067466850618","1.943099997046488","8.583466920137138","0.7666156379246427","3.886199994092976","0.7617065887064616","high_model_pattern_match","not-verified","241952337","337683|396678|c539e3|f55e26",
"C20","column-c26484797ec1","7.469234963334897","1.943099997046488","8.600193933683475","0.7666156379245788","3.886199994092976","0.7617065887066499","high_model_pattern_match","not-verified","241952337","1d444f|5e29ca|77a4b4|7e7d5f",
"C21","column-a8f1bedc07e9","-0.0018670650617877982","1.943099997046488","8.565781346234074","0.7666156379247514","3.886199994092976","0.7617065887062289","high_model_pattern_match","not-verified","241952337","2c4a42|b0487f|c79394|eaeabe",
"C22","column-1f046ab1c1c0","-7.551623566784133","1.943099997046488","8.586542295619678","0.7666156379247422","3.886199994092976","0.761706588706776","high_model_pattern_match","not-verified","241952337","050463|33a674|d90d6a|f01239",
"C23","column-a72402b949b5","-15.225043698058188","1.943099997046488","8.562741016195757","0.7666156379250246","3.886199994092976","0.7617065887063355","high_model_pattern_match","not-verified","241952337","4fe8a4|6271d3|858c19|c67fde",
"C24","column-e8fa3fb70060","-22.934254337126987","1.943099997046488","8.562741016192708","0.7666156379250069","3.886199994092976","0.761706588706339","high_model_pattern_match","not-verified","241952337","53daf0|62d6b5|913ff5|e448af",
"C25","column-45d9d6177283","-31.9171631464016","1.943099997046488","8.605662463846173","0.7666156379249713","3.886199994092976","0.7617065887066996","medium_model_pattern_match","not-verified","241952337","45b61e|4d6910|daca7f|f7b724","Repeated square loop shares an edge with a larger narrow walkway feature and lies about 1.12 m from C26. Keep as a candidate pending source/photo review; do not claim two physically verified supports."
"C26","column-887d27e648e6","-33.034533943375195","1.943099997046488","8.58460628512394","0.7666156379248079","3.886199994092976","0.7617065887066747","high_model_pattern_match","not-verified","241952337","1b7619|2163d0|aaa943|d55b47",
"C27","column-21818286d35d","-40.06466596757888","1.943099997046488","8.562741016193602","0.7666156379245876","3.886199994092976","0.7617065887064065","high_model_pattern_match","not-verified","241952337","13c065|37ca38|cdefb3|df5235",
"C28","column-ce943c0fb5c2","-47.90319078409827","1.943099997046488","8.560071384905232","0.7666156379258595","3.886199994092976","0.756666855155423","high_model_pattern_match","not-verified","241952337","27977d|3b2f23|8a1038|915113",
"C29","column-9e141c322e07","-55.72933509291042","1.943099997046488","8.56274101619417","0.76661563792495","3.886199994092976","0.7617065887066001","high_model_pattern_match","not-verified","241952337","14c8ee|19c0a1|346434|d7638d",
"C30","column-97dabebaad03","-63.640097177568705","1.943099997046488","8.562741016193284","0.7666156379255327","3.886199994092976","0.7617065887070957","high_model_pattern_match","not-verified","241952337","2a0dfe|49a3b3|d100d2|dfc7e7",
"C31","column-e867804401a1","-65.38370559779926","1.943099997046488","5.016825847520469","0.7666156379249998","3.886199994092976","0.7617065887070957","high_model_pattern_match","not-verified","241952337","275262|735506|899f1f|ba14d2",
"C32","column-3156ee7986df","-65.40031054957107","1.943099997046488","-2.690862844354683","0.766615637926094","3.886199994092976","0.7617065887080567","high_model_pattern_match","not-verified","241952337","6c0927|91ca46|b02889|c6c758|fd6555",
"C33","column-81c79ff96e48","-65.38470677738073","1.943099997046488","-11.25854539743958","0.7666156379246729","3.886199994092976","0.7617065887080585","high_model_pattern_match","not-verified","241952337","01e9ad|0339e3|09f96c|0b15e1|f28ff1",
"C34","column-a9381f0a71be","-65.38807849180421","1.943099997046488","-19.803247273148394","0.7666156379246729","3.886199994092976","0.761706588708055","high_model_pattern_match","not-verified","241952337","4e11b0|7181a7|90cc3c|9f659e|b424b7",
"C35","column-77db6e0ff5af","-65.36551303080554","1.943099997046488","-28.29925675310335","0.7666156379379743","3.886199994092976","0.7617065887085488","high_model_pattern_match","not-verified","241952337","35e5c1|adaa44|c6cbc0|d4ce92|efd895",
"C36","column-fc0ad1c131f2","-65.38807849149575","1.943099997046488","-36.915653341640734","0.7666156379271314","3.886199994092976","0.7617065887093233","high_model_pattern_match","not-verified","241952337","25dca7|9bc7c5|9c3e2d|d125b4|d20f11",
"C37","column-cd2fbfa1e062","-65.38370559780603","1.943099997046488","-40.35794751951303","0.7666156379385285","3.886199994092976","0.7617065887093304","high_model_pattern_match","not-verified","241952337","342983|a0b1a7|a409fe|dcce05|e5a41a",
